iteration,best_obj_val
1,-21.081131872831588
2,-21.081131872831588
3,-21.081131872831588
4,-21.081131872831588
5,-21.081131872831588
6,-21.081131872831588
7,-21.081131872831588
8,-21.081131872831588
9,-21.081131872831588
10,-21.081131872831588
