iteration,best_obj_val
1,-21.144573886654126
2,-21.144573886654126
3,-21.144573886654126
4,-21.144573886654126
5,-21.144573886654126
6,-21.144573886654126
7,-21.144573886654126
8,-21.144573886654126
9,-21.144573886654126
10,-21.144573886654126
