iteration,best_obj_val
1,-21.103161269664664
2,-21.103161269664664
3,-21.103161269664664
4,-21.103161269664664
5,-21.103161269664664
6,-21.103161269664664
7,-21.103161269664664
8,-21.103161269664664
9,-20.929293833810437
10,-20.929293833810437
