iteration,best_obj_val
1,-21.079277206611078
2,-21.079277206611078
3,-21.079277206611078
4,-21.079277206611078
5,-21.079277206611078
6,-21.079277206611078
7,-21.079277206611078
8,-21.079277206611078
9,-21.079277206611078
10,-21.079277206611078
