iteration,best_obj_val
1,-21.12330825043936
2,-21.12330825043936
3,-21.12330825043936
4,-21.12330825043936
5,-21.12330825043936
6,-21.12330825043936
7,-21.12330825043936
8,-21.12287923740247
9,-21.12287923740247
10,-21.056546389939395
