iteration,best_obj_val
1,-21.147703308830664
2,-21.147703308830664
3,-21.147703308830664
4,-20.68701958495936
5,-20.435690059842248
6,-20.435690059842248
7,-20.435690059842248
8,-20.435690059842248
9,-20.435690059842248
10,-20.435690059842248
