mean_constant,lengthscale,outputscale,noise,nu,iteration
-1.8390841484069824,0.0286115575581789,2.716622829437256,5.492241825777455e-07,2.5,1
-1.4807301759719849,0.02823488786816597,2.721931219100952,5.492241825777455e-07,2.5,2
-0.8319329619407654,0.02743648923933506,2.732604742050171,5.492241825777455e-07,2.5,3
-0.8181182146072388,0.02667364664375782,2.743014335632324,5.492241825777455e-07,2.5,4
-0.8582470417022705,0.026029424741864204,2.7520158290863037,5.492241825777455e-07,2.5,5
