iteration,best_obj_val
1,-21.035629202411176
2,-20.353272632496033
3,-20.353272632496033
4,-20.353272632496033
5,-19.996258998642542
6,-19.385273079103982
7,-19.044044044052427
8,-18.833580939464916
9,-17.607760653292008
10,-17.607760653292008
