iteration,best_obj_val
1,-21.081131872831588
2,-20.026092212432133
3,-20.026092212432133
4,-20.026092212432133
5,-19.543684103974833
6,-19.407421503585617
7,-19.407421503585617
8,-19.113052374495673
9,-19.113052374495673
10,-18.840694575040178
