iteration,best_obj_val
1,-21.144573886654126
2,-20.247391939016495
3,-20.247391939016495
4,-20.200792011772727
5,-20.148724104561147
6,-19.97152895608577
7,-19.827172104938214
8,-19.827172104938214
9,-19.381813780183556
10,-19.381813780183556
