iteration,best_obj_val
1,-21.03526390458227
2,-20.673803613058137
3,-20.673803613058137
4,-20.673803613058137
5,-20.344533704436117
6,-20.344533704436117
7,-20.344533704436117
8,-20.111492910253816
9,-19.727033904865866
10,-19.617197152383024
