iteration,best_obj_val
1,-21.109412215921555
2,-20.105681343460482
3,-20.105681343460482
4,-20.104660136749118
5,-19.219303358106824
6,-19.067166653839077
7,-18.87646705463
8,-18.87646705463
9,-18.109211612762444
10,-18.109211612762444
