iteration,best_obj_val
1,-21.147703308830664
2,-20.469132011238703
3,-20.469132011238703
4,-20.469132011238703
5,-20.237375121604188
6,-19.624634910616905
7,-19.3339932870847
8,-19.3339932870847
9,-18.44676226787961
10,-18.44676226787961
