iteration,best_obj_val
1,-21.12330825043936
2,-19.996098712604525
3,-19.996098712604525
4,-19.996098712604525
5,-19.72195643024864
6,-19.246033931059987
7,-18.520698468581173
8,-18.315048278822122
9,-17.81330144178972
10,-17.81330144178972
