iteration,best_obj_val
1,-20.990016207516724
2,-20.366966230573457
3,-20.366966230573457
4,-20.366966230573457
5,-19.770861256909328
6,-19.576077936900568
7,-19.250402010881334
8,-19.181592360339092
9,-18.629789332871585
10,-18.608341942107316
