iteration,best_obj_val
1,-21.103161269664664
2,-20.12159748478847
3,-20.12159748478847
4,-20.12159748478847
5,-19.77548746192136
6,-19.398542023756715
7,-19.398542023756715
8,-19.398542023756715
9,-18.852293621018102
10,-18.852293621018102
