iteration,best_obj_val
1,-21.079277206611078
2,-20.56996413230004
3,-20.56996413230004
4,-20.56996413230004
5,-19.67087455556592
6,-19.67087455556592
7,-19.532776397339767
8,-18.97742383276549
9,-18.97742383276549
10,-18.97742383276549
