mean_constant,lengthscale,outputscale,noise,alpha,iteration
-3.9074792928886024e-07,0.09506741089367388,1.0000003734793825,1.5392478671732593e-07,2.2942375432359867,1
-5.055584104652618e-07,0.09456396942252769,1.0000003069343077,1.5392738158194642e-07,2.2986084827410678,2
