iteration,best_obj_val
1,-21.079277206611078
2,-21.079277206611078
3,-21.00853864581654
4,-21.00853864581654
5,-21.00853864581654
6,-21.00853864581654
7,-21.00853864581654
8,-21.00853864581654
9,-21.00853864581654
10,-21.00853864581654
