iteration,best_obj_val
1,-21.144573886654126
2,-21.144573886654126
3,-21.144573886654126
4,-21.144573886654126
5,-21.032086164755082
6,-21.032086164755082
7,-21.032086164755082
8,-21.032086164755082
9,-21.032086164755082
10,-21.032086164755082
