iteration,best_obj_val
1,-21.103161269664664
2,-21.103161269664664
3,-21.103161269664664
4,-21.103161269664664
5,-20.392829268522036
6,-20.392829268522036
7,-20.392829268522036
8,-20.392829268522036
9,-20.392829268522036
10,-20.392829268522036
