iteration,best_obj_val
1,-21.12330825043936
2,-21.12330825043936
3,-21.12330825043936
4,-21.080807583139674
5,-21.080807583139674
6,-21.080807583139674
7,-21.080807583139674
8,-21.080807583139674
9,-21.080807583139674
10,-21.080807583139674
