mean_constant,lengthscale,outputscale,noise,alpha,beta,iteration
-0.00016616036185174176,0.07680204531848292,1.0000031422920725,1.5380126362043955e-07,0.955237743773316,3.3932807097898054,1
1.2928442603841216e-05,0.07624019440351164,1.0000030312875015,1.5380514868553796e-07,0.9534648589307422,3.3994406326882913,2
