iteration,best_obj_val
1,-21.147703308830664
2,-21.147703308830664
3,-21.147703308830664
4,-21.073670396270746
5,-21.073670396270746
6,-21.073670396270746
7,-21.073670396270746
8,-21.073670396270746
9,-21.073670396270746
10,-21.073670396270746
