iteration,best_obj_val
1,-20.990016207516724
2,-20.990016207516724
3,-20.990016207516724
4,-20.990016207516724
5,-20.990016207516724
6,-20.990016207516724
7,-20.990016207516724
8,-20.95148953003107
9,-20.95148953003107
10,-20.95148953003107
