iteration,best_obj_val
1,-21.109412215921555
2,-21.109412215921555
3,-21.109412215921555
4,-21.109412215921555
5,-21.109412215921555
6,-21.109412215921555
7,-21.109412215921555
8,-21.109412215921555
9,-21.109412215921555
10,-21.08866536941428
