iteration,best_obj_val
1,-21.03526390458227
2,-21.03526390458227
3,-21.03526390458227
4,-20.875930989672018
5,-20.875930989672018
6,-20.856117979191296
7,-20.856117979191296
8,-20.856117979191296
9,-20.856117979191296
10,-20.856117979191296
