iteration,best_obj_val
1,-21.035629202411176
2,-21.035629202411176
3,-21.035629202411176
4,-21.035629202411176
5,-21.035629202411176
6,-21.035629202411176
7,-21.035629202411176
8,-21.035629202411176
9,-21.035629202411176
10,-21.035629202411176
