iteration,best_obj_val
1,-21.081131872831588
2,-21.081131872831588
3,-21.081131872831588
4,-21.081131872831588
5,-20.66362110383078
6,-20.267488961976362
7,-19.93195272359946
8,-19.336229548376988
9,-19.336229548376988
10,-19.336229548376988
