mean_constant,lengthscale,outputscale,noise,nu,iteration
-1.0375418663024902,0.016597550362348557,0.6395873427391052,3.8253604728311075e-09,0.5,1
-1.1109442710876465,0.017983991652727127,0.6334971785545349,3.619251121023126e-09,0.5,2
-1.1696885824203491,0.019402874633669853,0.6267761588096619,3.3635094709438818e-09,0.5,3
-1.2360243797302246,0.020684443414211273,0.6238378286361694,3.081359389867089e-09,0.5,4
-1.3019182682037354,0.021418016403913498,0.6248249411582947,2.821036959588241e-09,0.5,5
