mean_constant,lengthscale,outputscale,noise,alpha,iteration
-0.11646296083927155,0.12493405491113663,2.2868168354034424,3.973805178247858e-07,0.13954274356365204,1
-0.14175671339035034,0.12415419518947601,2.2963032722473145,3.973437969762017e-07,0.13901937007904053,2
-0.1705913096666336,0.12339363992214203,2.3057048320770264,3.972873230395635e-07,0.13851451873779297,3
-0.224150612950325,0.11871734261512756,2.346040725708008,3.972907052229857e-07,0.13417653739452362,4
-0.2544514834880829,0.11465965956449509,2.3827900886535645,3.972589013301331e-07,0.1304350048303604,5
