iteration,best_obj_val
1,-21.081131872831588
2,-21.081131872831588
3,-19.94669842370938
4,-19.622299127313326
5,-19.622299127313326
6,-19.622299127313326
7,-19.280855075712925
8,-19.280855075712925
9,-19.280855075712925
10,-19.280855075712925
