iteration,best_obj_val
1,-21.079277206611078
2,-21.079277206611078
3,-20.980209298537375
4,-20.980209298537375
5,-20.980209298537375
6,-20.980209298537375
7,-20.980209298537375
8,-20.980209298537375
9,-20.980209298537375
10,-20.980209298537375
