mean_constant,lengthscale,outputscale,noise,nu,iteration
-4.5224620447194485e-09,0.24449714871809114,0.9999998632249112,1.4009358259442957e-07,0.5,1
-2.014732991272809e-08,0.24574695175285596,0.9999998466789868,1.4009354195562375e-07,0.5,2
