iteration,best_obj_val
1,-21.103161269664664
2,-21.103161269664664
3,-21.061764912888876
4,-21.061764912888876
5,-20.664848525892346
6,-20.110612693512618
7,-20.110612693512618
8,-20.110612693512618
9,-20.110612693512618
10,-20.110612693512618
