iteration,best_obj_val
1,-21.12330825043936
2,-21.12330825043936
3,-19.871610432003923
4,-19.871610432003923
5,-19.871610432003923
6,-19.871610432003923
7,-19.871610432003923
8,-19.871610432003923
9,-19.871610432003923
10,-19.871610432003923
