iteration,best_obj_val
1,-21.081131872831588
2,-21.081131872831588
3,-20.398958685874025
4,-20.398958685874025
5,-20.398958685874025
6,-20.398958685874025
7,-20.398958685874025
8,-20.398958685874025
9,-20.398958685874025
10,-20.398958685874025
