mean_constant,lengthscale,outputscale,noise,alpha,beta,iteration
-0.2760283052921295,0.13906162977218628,1.4949880838394165,1.7843036076437002e-11,1.8165963888168335,3.1904661655426025,1
-0.3038777709007263,0.13079428672790527,1.5007243156433105,1.70939547239346e-11,1.7886980772018433,3.1165964603424072,2
-0.3429577052593231,0.14281275868415833,1.6332191228866577,1.6464423574502618e-11,1.779126763343811,3.0699384212493896,3
-0.32657569646835327,0.13770954310894012,1.719474196434021,1.598873117236721e-11,1.7464276552200317,3.0429811477661133,4
-0.3617765009403229,0.14055056869983673,1.8064781427383423,1.5586632678976642e-11,1.7600728273391724,3.0272903442382812,5
