iteration,best_obj_val
1,-21.144573886654126
2,-21.075286787151438
