iteration,best_obj_val
1,-21.035629202411176
2,-20.869050777198108
3,-20.731720397847525
4,-20.731720397847525
5,-20.703012751956138
6,-20.703012751956138
7,-20.703012751956138
8,-20.703012751956138
9,-20.689653683232127
10,-20.689653683232127
