iteration,best_obj_val
1,-21.079277206611078
2,-20.97767679240124
3,-20.968299299528145
4,-20.83607137382758
5,-20.83607137382758
6,-20.83607137382758
7,-20.83607137382758
8,-20.836071341273342
9,-20.83125344036671
10,-20.823650180628636
