iteration,best_obj_val
1,-21.03526390458227
2,-20.505254807224436
3,-20.505254807224436
4,-20.505254807224436
5,-20.505254807224436
6,-20.505254807224436
7,-20.154133733353977
8,-19.604806241488614
9,-19.477496575350603
10,-19.477496575350603
