iteration,best_obj_val
1,-21.147703308830664
2,-20.532468178873543
3,-20.532468178873543
4,-20.532468178873543
5,-20.532468178873543
6,-19.837629872131018
7,-19.48463516370558
8,-19.22594231955827
9,-18.22489129853586
10,-18.22489129853586
