iteration,best_obj_val
1,-21.144573886654126
2,-19.42690559153547
3,-19.42690559153547
4,-19.42690559153547
5,-19.42690559153547
6,-19.306962582519663
7,-18.66836151246609
8,-18.66836151246609
9,-18.66836151246609
10,-18.66836151246609
