iteration,best_obj_val
1,-21.109412215921555
2,-20.64021335933357
3,-20.64021335933357
4,-20.64021335933357
5,-20.451301322211517
6,-20.354338619122466
7,-20.354338619122466
8,-20.144735617824754
9,-20.144735617824754
10,-19.98966238966626
