iteration,best_obj_val
1,-21.035629202411176
2,-20.71389199163356
3,-20.71389199163356
4,-20.71389199163356
5,-20.71389199163356
6,-19.830695105710397
7,-19.830695105710397
8,-19.830695105710397
9,-18.83959740302227
10,-18.83959740302227
