iteration,best_obj_val
1,-21.081131872831588
2,-19.94695369532562
3,-19.94695369532562
4,-19.94695369532562
5,-19.88088367496213
6,-19.59259703766913
7,-19.59259703766913
8,-19.59259703766913
9,-18.376637913940986
10,-18.376637913940986
