iteration,best_obj_val
1,-20.990016207516724
2,-20.52071735902618
3,-20.52071735902618
4,-20.52071735902618
5,-20.16965319202245
6,-19.917908350467556
7,-19.917908350467556
8,-19.917908350467556
9,-19.81747756425211
10,-19.81747756425211
