iteration,best_obj_val
1,-21.12330825043936
2,-20.42979747463257
3,-20.42979747463257
4,-20.42979747463257
5,-20.297319002120762
6,-19.82472705854835
7,-19.800770831152793
8,-19.466236842063093
9,-19.466236842063093
10,-19.466236842063093
