iteration,best_obj_val
1,-21.079277206611078
2,-20.751744638853054
3,-20.751744638853054
4,-20.751744638853054
5,-20.751744638853054
6,-20.751744638853054
7,-20.114996381215434
8,-19.734015495930425
9,-19.734015495930425
10,-19.734015495930425
