iteration,best_obj_val
1,-21.144573886654126
2,-21.144573886654126
3,-20.596618045359744
4,-20.596618045359744
5,-20.596618045359744
6,-20.596618045359744
7,-20.596618045359744
8,-20.596618045359744
9,-20.596618045359744
10,-20.596618045359744
