mean_constant,lengthscale,outputscale,noise,nu,iteration
-0.0031685872974590683,1.1477832732643987,1.0,0.006738048483171784,2.5,1
-0.12346057265205865,1.7144131488086944,1.0,0.006433501283724279,2.5,2
-0.09556007677777953,0.7445652057114021,1.0,0.006686279863622747,2.5,3
-0.18779172095098548,1.0962615997157614,1.0,0.0063453293410406795,2.5,4
