mean_constant,lengthscale,outputscale,noise,nu,iteration
-0.002493311815301585,1.1240869419222443,1.0,0.006738176359934821,2.5,1
-0.06256823925825286,0.8171428722985603,1.0,0.006752989741247493,2.5,2
0.003975377125549929,0.13713949358641186,1.0,0.006804194441686259,2.5,3
-0.004311523745458529,0.17074945242880374,1.0,0.006741071223791812,2.5,4
-0.0038482794054408086,0.1730959353592878,1.0,0.0067581977710399884,2.5,5
-0.0033477666451508944,0.1753042031153756,1.0,0.006756635250385183,2.5,6
-0.0028080677447373976,0.17560279448209806,1.0,0.006756636622187456,2.5,7
