mean_constant,lengthscale,outputscale,noise,nu,iteration
-0.28114446997642517,0.1715325117111206,1.4348337650299072,1.0638911973614995e-08,0.5,1
-0.2998092770576477,0.18463656306266785,1.5026628971099854,1.0254073146143128e-08,0.5,2
-0.31646081805229187,0.19673767685890198,1.562118411064148,1.003041738556476e-08,0.5,3
-0.33937889337539673,0.18062284588813782,1.642633080482483,1.0091258495492639e-08,0.5,4
-0.3612172603607178,0.19392529129981995,1.6989336013793945,1.0183613952108317e-08,0.5,5
