iteration,best_obj_val
1,-21.144573886654126
2,-19.808049677574292
3,-19.808049677574292
4,-19.808049677574292
5,-19.208534100572603
6,-19.02396100235678
7,-18.775269762619313
8,-18.775269762619313
9,-18.775269762619313
10,-18.775269762619313
