iteration,best_obj_val
1,-20.990016207516724
2,-20.603153240910355
3,-20.603153240910355
4,-20.603153240910355
5,-20.578339340054434
6,-20.578339340054434
7,-20.578339340054434
8,-20.548007080061723
9,-20.548007080061723
10,-20.548007080061723
