iteration,best_obj_val
1,-21.081131872831588
2,-19.768057968178653
3,-19.768057968178653
4,-19.768057968178653
5,-19.768057968178653
6,-19.01915508614402
7,-18.76962636942824
8,-18.76962636942824
9,-18.76962636942824
10,-18.54262239651425
