iteration,best_obj_val
1,-21.12330825043936
2,-20.549750739271964
3,-20.549750739271964
4,-20.54959033082654
5,-20.543268693690276
6,-20.524158044387764
7,-20.48699351017616
8,-20.466483829176962
9,-20.466483829176962
10,-20.466483829176962
