iteration,best_obj_val
1,-21.109412215921555
2,-20.715213849167068
3,-20.715213849167068
4,-20.711562997178135
5,-20.706953006210092
6,-20.706953006210092
7,-20.706953006210092
8,-20.706953006210092
9,-20.706953006210092
10,-20.706953006210092
