iteration,best_obj_val
1,-21.079277206611078
2,-20.85636625435902
3,-20.85636625435902
4,-20.846501512552294
5,-20.84106343479397
6,-20.816849934225484
7,-20.795671749469882
8,-20.739043554727836
9,-20.739043554727836
10,-20.739043554727836
