iteration,best_obj_val
1,-21.03526390458227
2,-20.720871833443393
3,-20.720871833443393
4,-20.699014776679906
5,-20.699014776679906
6,-20.699014776679906
7,-20.699014776679906
8,-20.59826125856569
9,-20.59826125856569
10,-20.59826125856569
