iteration,best_obj_val
1,-21.147703308830664
2,-20.857338729574888
3,-20.857338729574888
4,-20.85044941118189
5,-20.82908521336599
6,-20.80638967902751
7,-20.788081965863125
8,-20.77056820541564
9,-20.755644063171054
10,-20.744340500874443
