iteration,best_obj_val
1,-21.035629202411176
2,-20.811060210492844
3,-20.811060210492844
4,-20.722782700372328
5,-20.722782700372328
6,-20.711068824312555
7,-20.70794712390202
8,-20.70794712390202
9,-20.70794712390202
10,-20.70794712390202
