mean_constant,lengthscale,outputscale,noise,nu,iteration
-6.176804016885634e-13,0.32553927144757,0.9999998600678766,1.39948820545487e-07,0.5,1
-1.0274797458297907e-11,0.32465098091426503,0.9999998600997989,1.399488207397724e-07,0.5,2
-6.960487349416854e-11,0.3248704929529336,0.9999998600234213,1.399488206864514e-07,0.5,3
-7.546887203889323e-11,0.3250528175531338,0.999999860044763,1.3994882064390054e-07,0.5,4
-3.6262176668381543e-09,0.32638372262362547,0.9999998599781843,1.3994882036680348e-07,0.5,5
-0.003725052503061996,0.3283923730174444,1.0000073743863727,1.3994892164534674e-07,0.5,6
0.0016092067294160549,0.3319929875943475,1.0000724814333972,1.399499054262677e-07,0.5,7
0.00011188332436977078,0.33691675272162513,1.0000049008596579,1.3994901953691343e-07,0.5,8
3.705274020738197e-06,0.3458422619546503,0.9999998080814814,1.399489525688498e-07,0.5,9
5.408001600808693e-07,0.36982368835600476,0.9999998341064711,1.3994894840014962e-07,0.5,10
0.0013233650259457939,0.9065035279321192,0.9999415489884234,1.3992107946574135e-07,0.5,11
-0.18440868226606474,5.469020634839923,1.1340945403347524,4.265718249173963e-09,0.5,12
-0.2886552636252668,9.074200558041333,1.336469715612446,2.1492798993405024e-09,0.5,13
-0.33543311890794764,8.37089196140885,1.2026532719225809,1.4389314783872926e-09,0.5,14
-0.3880080990516672,8.910956594474714,1.17856823910772,1.0698231305560352e-09,0.5,15
-0.4377707211150491,9.668495625310872,1.1705626277667023,8.372823760173307e-10,0.5,16
-0.4874105979288248,10.659474975602663,1.1771999601973946,6.765691715654084e-10,0.5,17
-0.5291289390433402,11.39881284505418,1.178287138333282,5.607153559864729e-10,0.5,18
-0.5694344774985213,12.372645881913416,1.1916646202141614,4.737962378337131e-10,0.5,19
-0.6055240044013983,13.055307773301616,1.1982207629450807,4.072579628468671e-10,0.5,20
-0.6407864879667656,13.636199982394688,1.2021533910958675,3.552441987898137e-10,0.5,21
-0.6763912261550782,14.162676371321853,1.2060026647154374,3.1367723189354656e-10,0.5,22
-0.7016721846586865,15.026204145241092,1.219253948693053,2.794538696349992e-10,0.5,23
-0.7313052678016765,15.90907273049026,1.234719870975907,2.5074713347034354e-10,0.5,24
-0.7594293289200125,16.68315452366437,1.2473034007260084,2.2647720755634589e-10,0.5,25
-0.7836972172991065,17.431570860513272,1.2587367954934778,2.058183594232132e-10,0.5,26
-0.8110582005691418,18.074665075094355,1.2701607901199068,1.8815773873335553e-10,0.5,27
