mean_constant,lengthscale,outputscale,noise,alpha,iteration
-0.9594070911407471,0.03283572196960449,2.6078884601593018,1.4020323533259216e-06,0.020956482738256454,1
-0.9767220616340637,0.03258824720978737,2.612823486328125,1.4020323533259216e-06,0.020831221714615822,2
-1.0094635486602783,0.032381895929574966,2.616978406906128,1.4020323533259216e-06,0.020727496594190598,3
-0.9381912350654602,0.03221588581800461,2.620737314224243,1.4020323533259216e-06,0.020661374554038048,4
-0.9809885621070862,0.03204197809100151,2.6246025562286377,1.4020323533259216e-06,0.020588427782058716,5
