mean_constant,lengthscale,outputscale,noise,nu,iteration
-0.5252050161361694,0.0939798504114151,1.9913733005523682,2.8422587661225407e-07,2.5,1
-0.5603002905845642,0.09335533529520035,1.9935102462768555,2.8422587661225407e-07,2.5,2
-0.5940553545951843,0.09280665218830109,1.9954298734664917,2.8422587661225407e-07,2.5,3
-0.5716678500175476,0.09213817119598389,1.9979965686798096,2.8422587661225407e-07,2.5,4
-0.6000747084617615,0.09149102121591568,2.0005764961242676,2.8422587661225407e-07,2.5,5
