mean_constant,lengthscale,outputscale,noise,nu,iteration
-3.146736724257594e-11,0.35148165515647334,0.9999998600758966,1.3994812191914334e-07,2.5,1
-3.031678595397183e-10,0.3534674240583225,0.9999998597135753,1.3994812085017133e-07,2.5,2
