iteration,best_obj_val
1,-21.147703308830664
2,-21.147703308830664
3,-21.147703308830664
4,-21.147703308830664
5,-21.147703308830664
6,-21.147703308830664
7,-21.147703308830664
8,-21.147703308830664
9,-21.147703308830664
10,-21.147703308830664
