iteration,best_obj_val
1,-21.081131872831588
2,-21.081131872831588
3,-21.081131872831588
4,-21.081131872831588
5,-21.070240362488757
6,-21.070240362488757
7,-21.070240362488757
8,-21.070240362488757
9,-21.070240362488757
10,-21.070240362488757
