iteration,best_obj_val
1,-21.109412215921555
2,-21.109412215921555
3,-21.109412215921555
4,-21.109412215921555
5,-21.109412215921555
6,-21.109412215921555
7,-21.109412215921555
8,-20.285951336477364
9,-20.285951336477364
10,-20.285951336477364
