iteration,best_obj_val
1,-21.03526390458227
2,-21.03526390458227
3,-21.03526390458227
4,-21.03526390458227
5,-21.03526390458227
6,-21.03526390458227
7,-21.03526390458227
8,-21.03526390458227
9,-21.03526390458227
10,-21.03526390458227
